label,voxels,z_start,z_end,z_span,mean_suv,frac_ge_3,mean_suv_hot3_a0p5,overlap_gt,dice_gt,iou_gt,dev39_voxels,dev39_z_span,dev39_slice_count,dev39_longest_run,dev39_persistence,dev39_compactness,dev39_mean_suv,dev39_max_suv,dev39_hot_fraction,n_mean_suv,n_max_suv,n_hot_fraction,n_persistence,n_longest_run,n_compactness,dev39_pet_quality
5,116,0,1,2,3.773195003641063,0.6637931034482759,3.0741539924433776,0,0.0,0.0,116,2,2,2,1.0,0.49572649572649574,3.7731950283050537,7.363668918609619,0.6637931034482759,0.46757092986943205,0.48324978051140205,0.7304711411563988,0.0,0.0,0.923396437415129,0.39129051445904106
31,88,0,2,3,2.9073303775353865,0.3522727272727273,1.7255752257262638,0,0.0,0.0,88,3,3,3,1.0,0.38095238095238093,2.9073305130004883,4.690135478973389,0.3522727272727273,0.19101946521692548,0.2213927200424422,0.3876585335889035,0.0,0.12153234023535243,0.6230529595015576,0.21964770133439185
32,84,0,1,2,4.645507449195499,0.7142857142857143,3.926170386060594,0,0.0,0.0,84,2,2,2,1.0,0.525,4.6455078125,11.965910911560059,0.7142857142857143,0.7461819294429196,0.9340126331371704,0.7860357363092974,0.0,0.0,1.0,0.5445527377777001
45,90,0,1,2,4.438197294871013,0.7,3.713262266490244,0,0.0,0.0,90,2,2,2,1.0,0.29411764705882354,4.438197612762451,11.631972312927246,0.7,0.6799684071637944,0.9013052884229744,0.7703150215831114,0.0,0.0,0.39582188015393077,0.4603173363072545
50,123,0,1,2,4.00809404908157,0.6829268292682927,3.3122643547142196,0,0.0,0.0,123,2,2,2,1.0,0.29285714285714287,4.008094310760498,9.098245620727539,0.6829268292682927,0.5425962247748664,0.6531414862371185,0.7515268503249868,0.0,0.0,0.39252336448598135,0.38560164312663053
83,643,47,52,6,2.395941078384779,0.0,0.0,0,0.0,0.0,643,6,6,6,1.0,0.18637681159420288,2.3959410190582275,2.7299387454986572,0.0,0.027685004619599423,0.029402843664314535,0.0,0.0,0.3579440698951567,0.1138832452932412,0.07641161271814466
84,167746,57,83,27,4.949299835438718,0.9087191348825009,4.718007221686889,0,0.0,0.0,167746,27,27,27,1.0,0.4834122949591359,4.9492998123168945,11.676104545593262,0.9087191348825009,0.8432111078121527,0.9056277840935083,1.0,0.0,0.9435891764049218,0.8911723606407295,0.7273025570918756
98,12285,149,179,31,2.8225337259062044,0.2928774928774929,1.5275032362144896,0,0.0,0.0,12285,31,31,31,1.0,0.1429618768328446,2.8225338459014893,4.973334312438965,0.2928774928774929,0.16393596419641016,0.24913039968396725,0.32229704606733356,0.0,1.0,0.00027407021678959307,0.2767255149334766
101,84,152,154,3,2.359022373244876,0.0,0.0,0,0.0,0.0,84,3,3,3,1.0,0.4,2.359022378921509,2.6183159351348877,0.0,0.015893432355898233,0.01847003819803323,0.0,0.0,0.12153234023535243,0.6728971962616823,0.09226343448015065
103,13197,153,179,27,2.8510750433599585,0.289687050087141,1.5345222475172788,0,0.0,0.0,13197,27,27,27,1.0,0.1697145061728395,2.8510749340057373,5.542169570922852,0.289687050087141,0.17305180111834437,0.3048445068910791,0.31878612320031985,0.0,0.9435891764049218,0.07028095073266415,0.28537401632730064
113,89,160,162,3,2.3172405248277643,0.0,0.0,0,0.0,0.0,89,3,3,3,1.0,0.22474747474747475,2.3172407150268555,2.429738759994507,0.0,0.0025486421012464807,0.0,0.0,0.0,0.12153234023535243,0.2142924572831115,0.040296257288925635
114,78,161,164,4,2.4149761230517655,0.0,0.0,0,0.0,0.0,78,4,4,4,1.0,0.3046875,2.414976119995117,2.6943366527557373,0.0,0.03376469139606175,0.025915825617712968,0.0,0.0,0.21580014694474994,0.42348130841121495,0.08704669957450636
122,4801,167,182,16,3.0164501910854247,0.41178921058112894,1.9356803445338506,0,0.0,0.0,4801,16,16,16,1.0,0.23081730769230768,3.0164499282836914,5.026007175445557,0.41178921058112894,0.22587149297092138,0.2542894004538499,0.4531534494807068,0.0,0.7327885392349683,0.230176132278936,0.2955201948460527
127,97,171,175,5,2.351481064078734,0.0,0.0,0,0.0,0.0,97,5,5,5,1.0,0.3464285714285714,2.3514809608459473,2.5870559215545654,0.0,0.013484752732828306,0.015408301567023774,0.0,0.0,0.29282255325488243,0.5327102803738317,0.10287684444387618
128,3808,171,183,13,3.0855892974914623,0.44459033613445376,2.0573971253368994,0,0.0,0.0,3808,13,13,13,1.0,0.25036160420775805,3.0855891704559326,5.594136714935303,0.44459033613445376,0.24795411484736132,0.30993438658748534,0.48924944910722074,0.0,0.6507666231500391,0.28132008577731077,0.3076131061162832
129,79,173,174,2,2.40659759618059,0.0,0.0,0,0.0,0.0,79,2,2,2,1.0,0.49375,2.40659761428833,2.661057472229004,0.0,0.03108865145695381,0.022656323320733293,0.0,0.0,0.0,0.9182242990654206,0.1029930412688905
134,1149,174,181,8,2.8845564281556584,0.32201914708442125,1.6368914747084544,0,0.0,0.0,1149,8,8,8,1.0,0.29015151515151516,2.884556531906128,4.911170959472656,0.32201914708442125,0.1837456045651831,0.24304186058611074,0.354365980337873,0.0,0.4641127662744125,0.38544321721891817,0.24370881394294702
135,144,176,181,6,2.4354050523704953,0.0,0.0,0,0.0,0.0,144,6,6,6,1.0,0.38095238095238093,2.4354050159454346,2.792389154434204,0.0,0.040289547186354406,0.03551949822584185,0.0,0.0,0.3579440698951567,0.6230529595015576,0.13139721796489415
136,96,176,179,4,2.30926106373469,0.0,0.0,0,0.0,0.0,96,4,4,4,1.0,0.14285714285714285,2.3092610836029053,2.438253164291382,0.0,0.0,0.0008339364108074628,0.0,0.0,0.21580014694474994,0.0,0.03249511250333361
141,80,183,185,3,2.4858918696641923,0.0,0.0,0,0.0,0.0,80,3,3,3,1.0,0.47619047619047616,2.485891819000244,2.8954010009765625,0.0,0.056414701969396956,0.04560890983714071,0.0,0.0,0.12153234023535243,0.8722741433021806,0.12640227733344128
144,456,184,191,8,2.4998277765617036,0.05263157894736842,0.5734998239099179,0,0.0,0.0,456,8,8,8,1.0,0.2638888888888889,2.4998278617858887,3.403825283050537,0.05263157894736842,0.060865782913018196,0.09540611304438654,0.05791842267542191,0.0,0.4641127662744125,0.31671858774662515,0.13950389980205022
180,108,197,201,5,2.455148776372274,0.0,0.0,0,0.0,0.0,108,5,5,5,1.0,0.225,2.455148935317993,2.8882482051849365,0.0,0.046595625936494044,0.04490833506505752,0.0,0.0,0.29282255325488243,0.2149532710280374,0.08380386683491825
215,95,206,208,3,2.384259638033415,0.0,0.0,0,0.0,0.0,95,3,3,3,1.0,0.4398148148148148,2.3842594623565674,2.652737617492676,0.0,0.02395399179003557,0.021841441908559873,0.0,0.0,0.12153234023535243,0.7770854967116649,0.10520311494026224
224,133,207,210,4,2.486454863297312,0.0,0.0,0,0.0,0.0,133,4,4,4,1.0,0.33585858585858586,2.486454725265503,2.976372480392456,0.0,0.05659449054990557,0.05353959559828597,0.0,0.0,0.21580014694474994,0.505050505050505,0.10505463452398228
229,131,210,214,5,2.375620396082638,0.0,0.0,0,0.0,0.0,131,5,5,5,1.0,0.2519230769230769,2.3756206035614014,2.5992538928985596,0.0,0.021194796776842318,0.01660302195932136,0.0,0.0,0.29282255325488243,0.28540618260244427,0.08025315373658556
239,11230,211,228,18,2.7995515276041822,0.28245770258236863,1.487870648931973,0,0.0,0.0,11230,18,18,18,1.0,0.16628168680407487,2.799551486968994,4.581640720367432,0.28245770258236863,0.15659554902566544,0.21076628906400235,0.3108305875157905,0.0,0.7797762142538023,0.06129787201066324,0.24048463808252196
244,135,212,215,4,2.41246176649023,0.0,0.0,0,0.0,0.0,135,4,4,4,1.0,0.34438775510204084,2.412461757659912,2.6026501655578613,0.0,0.032961620506589545,0.016935667125426657,0.0,0.0,0.21580014694474994,0.527369826435247,0.09588775988069859
268,404,218,223,6,2.492917736568073,0.0049504950495049506,0.17540107986638925,0,0.0,0.0,404,6,6,6,1.0,0.43722943722943725,2.492917776107788,3.039881467819214,0.0049504950495049506,0.05865874672967161,0.05975993177002793,0.005447772429866418,0.0,0.3579440698951567,0.7703200226564713,0.1551694550623227
270,77,220,222,3,2.3981803856886827,0.0,0.0,0,0.0,0.0,77,3,3,3,1.0,0.36666666666666664,2.3981802463531494,2.6463027000427246,0.0,0.028400199176201263,0.02121117914736774,0.0,0.0,0.12153234023535243,0.5856697819314641,0.08707855589460475
286,81,234,235,2,2.387068083256851,0.0,0.0,0,0.0,0.0,81,2,2,2,1.0,0.44505494505494503,2.387068033218384,2.6276679039001465,0.0,0.024851030959197586,0.019386009180165923,0.0,0.0,0.0,0.7907979870596692,0.08820045782279122
302,288,277,281,5,4.162585669921504,0.6666666666666666,3.398736967309656,0,0.0,0.0,288,5,5,5,1.0,0.4430769230769231,4.162585735321045,9.798368453979492,0.6666666666666666,0.5919397756229378,0.7217144482822467,0.7336333538886775,0.0,0.29282255325488243,0.7856218547807333,0.4887726826976787
303,216,282,285,4,4.0565756735978304,0.6666666666666666,3.312180167767216,0,0.0,0.0,216,4,4,4,1.0,0.4909090909090909,4.056575775146484,8.987900733947754,0.6666666666666666,0.5580808874991804,0.6423338459579432,0.7336333538886775,0.0,0.21580014694474994,0.9107901444350042,0.4693643383370011
304,333,288,289,2,2.7092411224548525,0.2072072072072072,1.2332470565299267,0,0.0,0.0,333,2,2,2,1.0,0.2668269230769231,2.7092411518096924,3.811903715133667,0.2072072072072072,0.12775101847832154,0.1353750235064191,0.22802117755999435,0.0,0.0,0.32440690150970525,0.11888787493051295
306,299,321,325,5,3.9211641458364634,0.6321070234113713,3.1175277706729254,0,0.0,0.0,299,5,5,5,1.0,0.28476190476190477,3.9211642742156982,9.879105567932129,0.6321070234113713,0.5148313395025971,0.7296221793085179,0.6956021934028097,0.0,0.29282255325488243,0.3713395638629284,0.4235488301568736
309,1490,352,356,5,3.9407365259708174,0.6503355704697986,3.1779433676746858,0,0.0,0.0,1490,5,5,5,1.0,0.42329545454545453,3.9407365322113037,10.055837631225586,0.6503355704697986,0.5210825907313619,0.7469320576509918,0.7156617985752971,0.0,0.29282255325488243,0.733857264231096,0.46696883552812574
310,5213,353,363,11,5.440195749433947,0.8154613466334164,4.912654442448893,0,0.0,0.0,5213,11,11,11,1.0,0.38156931635192504,5.440195560455322,12.63963508605957,0.8154613466334164,1.0,1.0,0.8973744640458761,0.0,0.585645106509765,0.624667369892888,0.6849196725726351
