File,Size_bytes
all_component_scores.csv,9694
axial_validation_overlay.png,685208
dev45_ablation_summary.csv,454
dev45_final_results.csv,1430
dev45_method_comparison.csv,868
dev45_parameters.csv,210
dev45_per_case_results.csv,1872
dev45_reproducibility_report.txt,1079
dev58_all_eligible_components.csv,36899
dev58_case_summary.csv,524
dev58_group_feature_summary.csv,7817
figures/dev58_pet_quality_vs_radial_cohort.png,83664
figures/dev58_pet_quality_vs_size_cohort.png,84267
figures/dev58_size_vs_radial_cohort.png,83234
figures/dev58_size_vs_z_cohort.png,76015
final_ablation_table.csv,338
final_development_vs_validation.csv,199
final_limitations.txt,1869
final_methodology.txt,1700
final_parameters.csv,378
final_reproducibility_report.txt,1195
final_research_summary.txt,3276
selected_components.csv,1412
selected_core_summary.csv,449
tumor_mask.nii.gz,110573
validation_metrics.csv,423
validation_report.txt,752
