review_index,filename,id,annotation_status,annotation_type
1,ID_0000_Z_0142.tif,ID_0000,reviewed_no_candidate,
2,ID_0007_Z_0211.tif,ID_0007,reviewed_no_candidate,
3,ID_0014_Z_0116.tif,ID_0014,reviewed_no_candidate,
4,ID_0020_Z_0070.tif,ID_0020,reviewed_no_candidate,
5,ID_0027_Z_0125.tif,ID_0027,reviewed_no_candidate,
6,ID_0034_Z_0066.tif,ID_0034,reviewed_no_candidate,
7,ID_0041_Z_0336.tif,ID_0041,reviewed_no_candidate,
8,ID_0048_Z_0294.tif,ID_0048,reviewed_no_candidate,
9,ID_0055_Z_0122.tif,ID_0055,reviewed_no_candidate,
10,ID_0061_Z_0064.tif,ID_0061,reviewed_no_candidate,
11,ID_0068_Z_0055.tif,ID_0068,reviewed_no_candidate,
12,ID_0075_Z_0061.tif,ID_0075,reviewed_no_candidate,
13,ID_0082_Z_0278.tif,ID_0082,reviewed_no_candidate,
14,ID_0089_Z_0341.tif,ID_0089,reviewed_no_candidate,
15,ID_0095_Z_0097.tif,ID_0095,reviewed_no_candidate,
16,ID_0102_Z_0238.tif,ID_0102,reviewed_no_candidate,
17,ID_0109_Z_0134.tif,ID_0109,reviewed_no_candidate,
18,ID_0116_Z_0116.tif,ID_0116,reviewed_no_candidate,
19,ID_0123_Z_0073.tif,ID_0123,reviewed_no_candidate,
20,ID_0130_Z_0140.tif,ID_0130,reviewed_no_candidate,
21,ID_0136_Z_0122.tif,ID_0136,reviewed_no_candidate,
22,ID_0143_Z_0124.tif,ID_0143,reviewed_no_candidate,
23,ID_0150_Z_0090.tif,ID_0150,reviewed_no_candidate,
24,ID_0157_Z_0070.tif,ID_0157,reviewed_no_candidate,
25,ID_0164_Z_0066.tif,ID_0164,reviewed_no_candidate,
26,ID_0171_Z_0184.tif,ID_0171,reviewed_no_candidate,
27,ID_0177_Z_0163.tif,ID_0177,reviewed_no_candidate,
28,ID_0184_Z_0089.tif,ID_0184,reviewed_no_candidate,
29,ID_0191_Z_0140.tif,ID_0191,reviewed_no_candidate,
30,ID_0198_Z_0120.tif,ID_0198,reviewed_no_candidate,
31,ID_0205_Z_0066.tif,ID_0205,reviewed_no_candidate,
32,ID_0211_Z_0140.tif,ID_0211,reviewed_no_candidate,
33,ID_0218_Z_0231.tif,ID_0218,reviewed_no_candidate,
34,ID_0225_Z_0069.tif,ID_0225,reviewed_no_candidate,
35,ID_0232_Z_0063.tif,ID_0232,reviewed_no_candidate,
36,ID_0239_Z_0365.tif,ID_0239,reviewed_no_candidate,
37,ID_0246_Z_0228.tif,ID_0246,reviewed_no_candidate,
38,ID_0252_Z_0064.tif,ID_0252,reviewed_no_candidate,
39,ID_0259_Z_0073.tif,ID_0259,reviewed_no_candidate,
40,ID_0266_Z_0202.tif,ID_0266,not_reviewed,
